Workbook

Sheet Raw Data
A1: Patient ID | B1: Patient Name | C1: Gender | D1: Age | E1: City | F1: Appointment Date | G1: No Show
A2: 1001 | B2: Neha | C2: female | D2: 22 | E2: hyderabad | F2: 42502 | G2: Yes
A3: 1002 | B3: Rahul | C3: MALE | D3: 35 | E3: Mumbai | F3: 42503 | G3: No
A4: 1003 | B4: Asha | C4: Female | E4: delhi | F4: 42504 | G4: yes
A5: 1004 | B5: Kiran | C5: male | D5: -2 | E5: Chennai | F5: 15.05.2016 | G5: NO
A6: 1005 | B6: Priya | C6: FEMALE | D6: 29 | E6: Bangalore | F6: 42506 | G6: Yes
A7: 1006 | B7: Arjun | D7: 41 | E7: Hyderabad | F7: 42507 | G7: No
A8: 1007 | B8: Meena | C8: female | D8: 19 | E8: mumbai | F8: 42508 | G8: Y
A9: 1008 | B9: Ravi | C9: Male | D9: 52 | E9: Delhi | F9: 42509 | G9: N
A10: 1009 | B10: Sneha | C10: female | D10: 27 | E10: Chennai | F10: 42510 | G10: Yes
A11: 1010 | B11: Vikram | C11: MALE | D11: 33 | F11: 42511 | G11: No
A12: 1011 | B12: Pooja | C12: Female | D12: 24 | E12: hyderabad | F12: 42512 | G12: yes
A13: 1012 | B13: Ramesh | C13: male | D13: 61 | E13: Mumbai | F13: 42513 | G13: NO
A14: 1013 | B14: Divya | C14: FEMALE | E14: delhi | F14: 42514 | G14: Yes
A15: 1014 | B15: Suresh | C15: Male | D15: 44 | E15: Chennai | F15: 25.05.2016 | G15: No
A16: 1015 | B16: Anjali | C16: female | D16: 30 | E16: Bangalore | F16: 42516 | G16: Y
A17: 1016 | B17: Teja | C17: male | D17: -5 | E17: Hyderabad | F17: 42517 | G17: N
A18: 1017 | B18: Nikhil | C18: MALE | D18: 38 | E18: mumbai | F18: 42518 | G18: Yes
A19: 1018 | B19: Keerthi | C19: Female | D19: 26 | E19: Delhi | F19: 42519 | G19: No
A20: 1019 | B20: Manoj | C20: male | D20: 49 | E20: Chennai | F20: 42520 | G20: yes
A21: 1020 | B21: Lavanya | C21: FEMALE | D21: 34 | F21: 42521 | G21: NO
A22: 1005 | B22: Priya | C22: FEMALE | D22: 29 | E22: Bangalore | F22: 42506 | G22: Yes
A23: 1010 | B23: Vikram | C23: MALE | D23: 33 | F23: 42511 | G23: No

Sheet Sheet 1
A1: Column1 | B1: Column2 | C1: Column3 | D1: Column4 | E1: Column5 | F1: Column6 | G1: Column7 | H1: Column8 | I1: Column9 | J1: Column10
A2: patienti_id | B2: =LOWER('Raw Data'!B1) -> patient name | C2: =LOWER('Raw Data'!C1) -> gender | D2: =LOWER('Raw Data'!D1) -> age | E2: =LOWER('Raw Data'!E1) -> city | F2: =LOWER('Raw Data'!F1) -> appointment date | G2: =LOWER('Raw Data'!G1) -> no show
A3: 1001 | B3: Neha | C3: =PROPER('Raw Data'!C2) -> Female | D3: 22 | E3: =PROPER('Raw Data'!E2) -> Hyderabad | F3: 42502 | G3: Yes | H3: Y | I3: Yes
A4: 1002 | B4: Rahul | C4: =PROPER('Raw Data'!C3) -> Male | D4: 35 | E4: =PROPER('Raw Data'!E3) -> Mumbai | F4: 42503 | G4: No | H4: N | I4: NO
A5: 1003 | B5: Asha | C5: =PROPER('Raw Data'!C4) -> Female | D5: 0 | E5: =PROPER('Raw Data'!E4) -> Delhi | F5: 42504 | G5: yes | H5: Y | I5: Yes
A6: 1004 | B6: Kiran | C6: =PROPER('Raw Data'!C5) -> Male | D6: -2 | E6: =PROPER('Raw Data'!E5) -> Chennai | F6: 42505 | G6: NO | H6: N | I6: NO | J6: =-D6 -> 2
A7: 1005 | B7: Priya | C7: =PROPER('Raw Data'!C6) -> Female | D7: 29 | E7: =PROPER('Raw Data'!E6) -> Bangalore | F7: 42506 | G7: Yes | H7: Y | I7: Yes
A8: 1006 | B8: Arjun | C8: Unknown | D8: 41 | E8: =PROPER('Raw Data'!E7) -> Hyderabad | F8: 42507 | G8: No | H8: N | I8: NO
A9: 1007 | B9: Meena | C9: =PROPER('Raw Data'!C8) -> Female | D9: 19 | E9: =PROPER('Raw Data'!E8) -> Mumbai | F9: 42508 | G9: Y | H9: Y | I9: Y
A10: 1008 | B10: Ravi | C10: =PROPER('Raw Data'!C9) -> Male | D10: 52 | E10: =PROPER('Raw Data'!E9) -> Delhi | F10: 42509 | G10: N | H10: N | I10: N
A11: 1009 | B11: Sneha | C11: =PROPER('Raw Data'!C10) -> Female | D11: 27 | E11: =PROPER('Raw Data'!E10) -> Chennai | F11: 42510 | G11: Yes | H11: Y | I11: Yes
A12: 1010 | B12: Vikram | C12: =PROPER('Raw Data'!C11) -> Male | D12: 33 | E12: Unknown | F12: 42511 | G12: No | H12: N | I12: NO
A13: 1011 | B13: Pooja | C13: =PROPER('Raw Data'!C12) -> Female | D13: 24 | E13: =PROPER('Raw Data'!E12) -> Hyderabad | F13: 42512 | G13: yes | H13: Y | I13: Yes
A14: 1012 | B14: Ramesh | C14: =PROPER('Raw Data'!C13) -> Male | D14: 61 | E14: =PROPER('Raw Data'!E13) -> Mumbai | F14: 42513 | G14: NO | H14: N | I14: NO
A15: 1013 | B15: Divya | C15: =PROPER('Raw Data'!C14) -> Female | D15: 0 | E15: =PROPER('Raw Data'!E14) -> Delhi | F15: 42514 | G15: Yes | H15: Y | I15: Yes
A16: 1014 | B16: Suresh | C16: =PROPER('Raw Data'!C15) -> Male | D16: 44 | E16: =PROPER('Raw Data'!E15) -> Chennai | F16: 42515 | G16: No | H16: N | I16: NO
A17: 1015 | B17: Anjali | C17: =PROPER('Raw Data'!C16) -> Female | D17: 30 | E17: =PROPER('Raw Data'!E16) -> Bangalore | F17: 42516 | G17: Y | H17: Y | I17: Y
A18: 1016 | B18: Teja | C18: =PROPER('Raw Data'!C17) -> Male | D18: -5 | E18: =PROPER('Raw Data'!E17) -> Hyderabad | F18: 42517 | G18: N | H18: N | I18: N | J18: =-D18 -> 5
A19: 1017 | B19: Nikhil | C19: =PROPER('Raw Data'!C18) -> Male | D19: 38 | E19: =PROPER('Raw Data'!E18) -> Mumbai | F19: 42518 | G19: Yes | H19: Y | I19: Yes
A20: 1018 | B20: Keerthi | C20: =PROPER('Raw Data'!C19) -> Female | D20: 26 | E20: =PROPER('Raw Data'!E19) -> Delhi | F20: 42519 | G20: No | H20: N | I20: NO
A21: 1019 | B21: Manoj | C21: =PROPER('Raw Data'!C20) -> Male | D21: 49 | E21: =PROPER('Raw Data'!E20) -> Chennai | F21: 42520 | G21: yes | H21: Y | I21: Yes
A22: 1020 | B22: Lavanya | C22: =PROPER('Raw Data'!C21) -> Female | D22: 34 | E22: Unknown | F22: 42521 | G22: NO | H22: N | I22: NO

Sheet Sheet 2
A1: Patient ID | B1: Patient Name | C1: Gender | D1: Age | E1: City | F1: Appointment Date | G1: No Show
A2: 1006 | B2: Arjun | D2: 41 | E2: Hyderabad | F2: 42507 | G2: No
A5: Patient ID | B5: Patient Name | C5: Gender | D5: Age | E5: City | F5: Appointment Date | G5: No Show
A6: 1003 | B6: Asha | C6: Female | E6: delhi | F6: 42504 | G6: yes
A7: 1013 | B7: Divya | C7: FEMALE | E7: delhi | F7: 42514 | G7: Yes
A10: Patient ID | B10: Patient Name | C10: Gender | D10: Age | E10: City | F10: Appointment Date | G10: No Show
A11: 1010 | B11: Vikram | C11: MALE | D11: 33 | F11: 42511 | G11: No
A12: 1020 | B12: Lavanya | C12: FEMALE | D12: 34 | F12: 42521 | G12: NO
A13: 1010 | B13: Vikram | C13: MALE | D13: 33 | F13: 42511 | G13: No
